home_page,2023-08-30 13:02:29.204278
to_list,2023-08-30 13:02:31.613903
non_active_list,2023-08-30 13:02:31.693904
non_active_list,2023-08-30 13:03:04.007091
non_active_list,2023-08-30 13:03:29.325608
non_active_list,2023-08-30 13:03:31.046983
non_active_list,2023-08-30 13:05:50.406003
non_active_list,2023-08-30 13:07:53.711075
non_active_list,2023-08-30 13:13:27.325206
to_list,2023-08-30 13:18:34.591479
non_active_list,2023-08-30 13:18:34.677419
non_active_list,2023-08-30 13:18:43.680509
non_active_list,2023-08-30 13:19:08.851485
non_active_list,2023-08-30 13:20:03.938376
non_active_list,2023-08-30 13:22:01.997643
non_active_list,2023-08-30 13:22:57.934566
non_active_list,2023-08-30 13:30:53.511834
to_list,2023-08-30 13:35:32.724406
non_active_list,2023-08-30 13:35:32.822916
non_active_list,2023-08-30 13:36:12.116513
non_active_list,2023-08-30 13:39:54.607078
non_active_list,2023-08-30 13:40:12.845324
non_active_list,2023-08-30 13:43:57.024242
non_active_list,2023-08-30 13:53:56.894378
non_active_list,2023-08-30 14:43:30.714025
non_active_list,2023-08-30 14:45:40.721105
non_active_list,2023-08-30 14:50:25.468429
non_active_list,2023-08-30 14:50:30.674776
non_active_list,2023-08-30 14:52:53.794927
non_active_list,2023-08-30 14:52:55.474649
non_active_list,2023-08-30 14:53:17.876651
non_active_list,2023-08-30 14:56:36.053136
non_active_list,2023-08-30 14:56:37.851286
non_active_list,2023-08-30 14:56:38.751013
non_active_list,2023-08-30 14:56:58.743563
non_active_list,2023-08-30 14:57:09.712739
non_active_list,2023-08-30 14:57:24.062824
non_active_list,2023-08-30 14:57:33.458860
374finish,2023-08-30 14:57:40.443876
non_active_list,2023-08-30 15:03:32.555008
non_active_list,2023-08-30 15:14:29.071706
non_active_list,2023-08-30 15:14:40.163145
non_active_list,2023-08-30 15:20:52.094430
non_active_list,2023-08-30 15:22:03.669473
non_active_list,2023-08-30 15:23:06.016494
non_active_list,2023-08-30 15:45:30.258750
non_active_list,2023-08-30 15:48:27.945388
non_active_list,2023-08-30 15:50:51.766048
