home_page,2023-08-31 03:30:37.500288
to_list,2023-08-31 03:30:40.148134
non_active_list,2023-08-31 03:30:40.239865
non_active_list,2023-08-31 03:30:55.843754
non_active_list,2023-08-31 03:39:43.397725
to_list,2023-08-31 03:39:51.489643
non_active_list,2023-08-31 03:39:51.631370
non_active_list,2023-08-31 03:40:02.476593
non_active_list,2023-08-31 03:48:12.781529
non_active_list,2023-08-31 03:49:00.872610
non_active_list,2023-08-31 03:50:00.893528
non_active_list,2023-08-31 03:50:55.231306
non_active_list,2023-08-31 03:51:58.718758
non_active_list,2023-08-31 04:03:04.703371
non_active_list,2023-08-31 04:05:02.648475
non_active_list,2023-08-31 04:05:45.481504
non_active_list,2023-08-31 04:06:10.253458
non_active_list,2023-08-31 04:06:34.343045
non_active_list,2023-08-31 04:06:46.471100
non_active_list,2023-08-31 04:10:28.433778
non_active_list,2023-08-31 04:19:12.437644
1005finish,2023-08-31 04:19:25.631379
362finish,2023-08-31 04:21:55.492723
427finish,2023-08-31 04:22:05.306901
non_active_list,2023-08-31 04:25:31.329676
non_active_list,2023-08-31 04:25:44.072620
non_active_list,2023-08-31 04:27:43.437505
non_active_list,2023-08-31 04:29:49.574775
non_active_list,2023-08-31 05:11:51.452192
29finish,2023-08-31 05:13:24.235598
