home_page,2023-08-30 11:47:01.031547
to_list,2023-08-30 11:47:04.130150
non_active_list,2023-08-30 11:47:04.330307
1845finish,2023-08-30 11:47:21.343616
non_active_list,2023-08-30 11:47:50.158798
non_active_list,2023-08-30 11:49:03.627091
non_active_list,2023-08-30 11:51:01.863162
to_list,2023-08-30 11:51:08.904154
non_active_list,2023-08-30 11:51:08.981210
non_active_list,2023-08-30 11:51:20.486434
non_active_list,2023-08-30 11:57:40.284825
non_active_list,2023-08-30 11:59:02.417263
non_active_list,2023-08-30 11:59:24.898509
non_active_list,2023-08-30 12:00:05.992259
non_active_list,2023-08-30 12:00:16.064096
non_active_list,2023-08-30 12:00:33.605198
non_active_list,2023-08-30 12:01:34.381316
non_active_list,2023-08-30 12:02:05.039659
non_active_list,2023-08-30 12:05:41.950839
non_active_list,2023-08-30 12:10:14.027944
