home_page,2023-08-31 05:21:12.894166
to_list,2023-08-31 05:21:15.183963
active_list,2023-08-31 05:21:15.278648
2102,2023-08-31 05:21:17.696808
2102,2023-08-31 05:21:22.230529
2102labelled,2023-08-31 05:21:22.296271
2075,2023-08-31 05:21:22.329143
active_list,2023-08-31 05:24:24.897252
2075,2023-08-31 05:24:28.135081
2075,2023-08-31 05:24:51.309395
2075labelled,2023-08-31 05:24:51.437913
0,2023-08-31 05:24:51.465025
0,2023-08-31 05:33:13.543741
0labelled,2023-08-31 05:33:13.671158
1,2023-08-31 05:33:13.725546
1,2023-08-31 05:38:34.380058
1,2023-08-31 05:40:22.802775
1,2023-08-31 05:40:28.889360
1labelled,2023-08-31 05:40:29.003998
5,2023-08-31 05:40:29.050014
5,2023-08-31 05:41:38.986613
5,2023-08-31 05:41:50.603858
5labelled,2023-08-31 05:41:50.727700
14,2023-08-31 05:41:50.779950
14,2023-08-31 05:44:08.312737
14,2023-08-31 05:44:28.418232
14labelled,2023-08-31 05:44:28.573485
941,2023-08-31 05:44:28.631946
941,2023-08-31 05:45:53.109964
941,2023-08-31 05:45:55.440797
941,2023-08-31 05:46:39.883965
941,2023-08-31 05:47:07.609575
941,2023-08-31 05:47:10.723398
941,2023-08-31 05:47:29.398107
941,2023-08-31 05:48:15.690450
941,2023-08-31 10:15:32.022344
